{"cameraMode":{"drawMode":0,"name":"Shaded","section":"Shading Mode"},"sceneLighting":true,"audioPlay":false,"sceneViewState":{"showFog":true,"showMaterialUpdate":false,"showSkybox":true,"showFlares":true,"showImageEffects":true,"showParticleSystems":true},"in2DMode":false,"pivot":{"x":6.499999523162842,"y":1.9337049722671509,"z":0.0},"rotation":{"x":-0.15373805165290833,"y":0.4391164779663086,"z":-0.07655265182256699,"w":-0.8818622827529907},"size":3.3974525928497316,"orthographic":false}